event_name,GPS,mass_1_source,mass_2_source,total_mass,chirp_mass,distance_mpc,snr,false_alarm_rate,catalog,commonName,event_date,event_year,event_type,observing_run,mass_bin,distance_bin,mass_ratio,high_confidence
GRB051103-v1,815043278.0,,,,,,,,Initial_LIGO_Virgo,GRB051103,2005-11-03,2005,Unknown,Between runs,,,,False
blind_injection-v1,968654557.9,,,,,,,,Initial_LIGO_Virgo,blind_injection,2010-09-16,2010,Unknown,Between runs,,,,False
GW150914-v3,1126259462.4,35.6,30.6,,28.6,440.0,25.2,1e-07,GWTC-1-confident,GW150914,2015-09-14,2015,BBH,O1,,0–500 Mpc,0.8595505617977528,True
GW150914-v1,1126259462.4,,,,,,,,O1_O2-Preliminary,GW150914,2015-09-14,2015,Unknown,O1,,,,False
GW150914-v4,1126259462.4,34.6,30.0,64.5,27.9,470.0,26.0,,GWTC-2.1-confident,GW150914,2015-09-14,2015,BBH,O1,60–100,0–500 Mpc,0.8670520231213873,False
GW150914-v2,1126259462.4,,,,,,,,O1_O2-Preliminary,GW150914,2015-09-14,2015,Unknown,O1,,,,False
151008-v1,1128348574.5,,,,,,8.8,10.17,GWTC-1-marginal,151008,2015-10-08,2015,Unknown,O1,,,,False
151012.2-v1,1128666662.2,,,,,,9.6,8.56,GWTC-1-marginal,151012.2,2015-10-12,2015,Unknown,O1,,,,False
GW151012-v2,1128678900.4,,,,,,,,O1_O2-Preliminary,GW151012,2015-10-12,2015,Unknown,O1,,,,False
GW151012-v1,1128678900.4,,,,,,,,O1_O2-Preliminary,GW151012,2015-10-12,2015,Unknown,O1,,,,False
GW151012-v4,1128678900.4,24.8,13.6,38.8,15.6,1000.0,9.3,,GWTC-2.1-confident,GW151012,2015-10-12,2015,BBH,O1,20–40,500–1k,0.5483870967741935,False
GW151012-v3,1128678900.4,23.2,13.6,,15.2,1080.0,10.0,0.00792,GWTC-1-confident,GW151012,2015-10-12,2015,BBH,O1,,1k–2k,0.5862068965517241,False
151116-v1,1131748925.7,,,,,,9.0,4.77,GWTC-1-marginal,151116,2015-11-16,2015,Unknown,O1,,,,False
GW151226-v3,1135136350.6,14.2,7.5,21.7,8.9,460.0,12.7,,GWTC-2.1-confident,GW151226,2015-12-26,2015,BBH,O1,20–40,0–500 Mpc,0.5281690140845071,False
GW151226-v2,1135136350.6,13.7,7.7,,8.9,450.0,13.1,1e-07,GWTC-1-confident,GW151226,2015-12-26,2015,BBH,O1,,0–500 Mpc,0.562043795620438,True
GW151226-v1,1135136350.6,,,,,,,,O1_O2-Preliminary,GW151226,2015-12-26,2015,Unknown,O1,,,,False
161202-v1,1164686041.9,,,,,,10.5,6.0,GWTC-1-marginal,161202,2016-12-02,2016,Unknown,O2,,,,False
161217-v1,1165994201.4,,,,,,10.7,10.12,GWTC-1-marginal,161217,2016-12-17,2016,Unknown,O2,,,,False
GW170104-v1,1167559936.6,,,,,,,,O1_O2-Preliminary,GW170104,2017-01-04,2017,Unknown,O2,,,,False
GW170104-v3,1167559936.6,28.7,20.8,49.6,21.1,1110.0,13.8,,GWTC-2.1-confident,GW170104,2017-01-04,2017,BBH,O2,40–60,1k–2k,0.7247386759581882,False
GW170104-v2,1167559936.6,30.8,20.0,,21.4,990.0,13.0,1e-07,GWTC-1-confident,GW170104,2017-01-04,2017,BBH,O2,,500–1k,0.6493506493506493,True
170208-v1,1170585583.8,,,,,,10.0,11.18,GWTC-1-marginal,170208,2017-02-08,2017,Unknown,O2,,,,False
170219-v1,1171548267.0,,,,,,9.6,6.26,GWTC-1-marginal,170219,2017-02-19,2017,Unknown,O2,,,,False
170405-v1,1175425510.7,,,,,,9.3,4.55,GWTC-1-marginal,170405,2017-04-05,2017,Unknown,O2,,,,False
170412-v1,1176047817.0,,,,,,9.7,8.22,GWTC-1-marginal,170412,2017-04-12,2017,Unknown,O2,,,,False
170423-v1,1176984663.0,,,,,,8.9,6.47,GWTC-1-marginal,170423,2017-04-23,2017,Unknown,O2,,,,False
GW170608-v1,1180922494.5,,,,,,,,O1_O2-Preliminary,GW170608,2017-06-08,2017,Unknown,O2,,,,False
GW170608-v3,1180922494.5,11.0,7.6,,7.9,320.0,15.4,1e-07,GWTC-1-confident,GW170608,2017-06-08,2017,BBH,O2,,0–500 Mpc,0.6909090909090909,True
GW170608-v4,1180922494.5,10.6,7.8,18.5,7.9,340.0,15.3,,GWTC-2.1-confident,GW170608,2017-06-08,2017,BBH,O2,10–20,0–500 Mpc,0.7358490566037736,False
GW170608-v2,1180922494.5,,,,,,,,O1_O2-Preliminary,GW170608,2017-06-08,2017,Unknown,O2,,,,False
170616-v1,1181677658.8,,,,,,9.1,1.94,GWTC-1-marginal,170616,2017-06-16,2017,Unknown,O2,,,,False
170630-v1,1182874645.8,,,,,,9.7,10.46,GWTC-1-marginal,170630,2017-06-30,2017,Unknown,O2,,,,False
170705-v1,1183279534.3,,,,,,9.3,10.97,GWTC-1-marginal,170705,2017-07-05,2017,Unknown,O2,,,,False
170720-v1,1184625889.8,,,,,,13.0,10.75,GWTC-1-marginal,170720,2017-07-20,2017,Unknown,O2,,,,False
GW170729-v1,1185389807.3,50.2,34.0,,35.4,2840.0,10.8,0.02,GWTC-1-confident,GW170729,2017-07-29,2017,BBH,O2,,2k–5k,0.6772908366533864,False
GW170729-v2,1185389807.3,54.7,30.2,84.4,34.6,2490.0,10.7,,GWTC-2.1-confident,GW170729,2017-07-29,2017,BBH,O2,60–100,2k–5k,0.5521023765996343,False
GW170809-v2,1186302519.8,34.1,24.2,58.5,24.8,1070.0,12.8,,GWTC-2.1-confident,GW170809,2017-08-09,2017,BBH,O2,40–60,1k–2k,0.7096774193548386,False
GW170809-v1,1186302519.8,35.0,23.8,,24.9,1030.0,12.4,1e-07,GWTC-1-confident,GW170809,2017-08-09,2017,BBH,O2,,1k–2k,0.68,True
GW170814-v1,1186741861.5,,,,,,,,O1_O2-Preliminary,GW170814,2017-08-14,2017,Unknown,O2,,,,False
GW170814-v3,1186741861.5,30.6,25.2,,24.1,600.0,17.2,1e-07,GWTC-1-confident,GW170814,2017-08-14,2017,BBH,O2,,500–1k,0.8235294117647058,True
GW170814-v4,1186741861.5,30.9,24.9,56.0,24.1,610.0,17.7,,GWTC-2.1-confident,GW170814,2017-08-14,2017,BBH,O2,40–60,500–1k,0.8058252427184466,False
GW170814-v2,1186741861.5,,,,,,,,O1_O2-Preliminary,GW170814,2017-08-14,2017,Unknown,O2,,,,False
GW170817-v3,1187008882.4,1.46,1.27,,1.186,40.0,33.0,1e-07,GWTC-1-confident,GW170817,2017-08-17,2017,BNS,O2,,0–500 Mpc,0.8698630136986302,True
GW170817-v2,1187008882.4,,,,,,,,O1_O2-Preliminary,GW170817,2017-08-17,2017,Unknown,O2,,,,False
GW170817-v1,1187008882.4,,,,,,,,O1_O2-Preliminary,GW170817,2017-08-17,2017,Unknown,O2,,,,False
GW170818-v1,1187058327.1,35.4,26.7,,26.5,1060.0,11.3,4.2e-05,GWTC-1-confident,GW170818,2017-08-18,2017,BBH,O2,,1k–2k,0.7542372881355932,False
GW170818-v2,1187058327.1,34.8,27.6,62.5,26.8,1080.0,12.0,,GWTC-2.1-confident,GW170818,2017-08-18,2017,BBH,O2,60–100,1k–2k,0.7931034482758622,False
GW170823-v2,1187529256.5,38.3,29.0,67.0,28.6,1970.0,12.2,,GWTC-2.1-confident,GW170823,2017-08-23,2017,BBH,O2,60–100,1k–2k,0.7571801566579635,False
GW170823-v1,1187529256.5,39.5,29.0,,29.2,1940.0,11.5,1e-07,GWTC-1-confident,GW170823,2017-08-23,2017,BBH,O2,,1k–2k,0.7341772151898734,True
GW190403_051519-v1,1238303737.2,85.0,20.0,106.6,34.0,8280.0,7.6,7.7,GWTC-2.1-confident,GW190403_051519,2019-04-03,2019,BBH,O3a,100+,5k+ Mpc,0.23529411764705882,False
GW190408_181802-v2,1238782700.2,24.8,18.5,43.4,18.5,1540.0,14.6,1e-05,GWTC-2.1-confident,GW190408_181802,2019-04-08,2019,BBH,O3a,40–60,1k–2k,0.7459677419354839,False
GW190408_181802-v3,1238782700.3,25.0,18.0,43.0,18.0,1600.0,14.3,0.001,IAS-O3a,GW190408_181802,2019-04-08,2019,BBH,O3a,40–60,1k–2k,0.72,False
GW190408_181802-v1,1238782700.3,24.6,18.4,43.0,18.3,1550.0,14.79290708414002,1e-05,GWTC-2,GW190408_181802,2019-04-08,2019,BBH,O3a,40–60,1k–2k,0.7479674796747966,False
GW190412-v1,1239082262.2,,,,,,,,O3_Discovery_Papers,GW190412,2019-04-12,2019,Unknown,O3a,,,,False
GW190412-v3,1239082262.2,30.1,8.3,38.4,13.3,740.0,19.674587670393503,1e-05,GWTC-2,GW190412,2019-04-12,2019,BBH,O3a,20–40,500–1k,0.27574750830564787,False
GW190412-v2,1239082262.2,30.1,8.3,38.4,13.3,740.0,19.0,,O3_Discovery_Papers,GW190412,2019-04-12,2019,BBH,O3a,20–40,500–1k,0.27574750830564787,False
GW190412-v5,1239082262.1,31.0,8.0,39.0,13.3,700.0,17.9,0.001,IAS-O3a,GW190412,2019-04-12,2019,BBH,O3a,20–40,500–1k,0.25806451612903225,False
GW190412_053044-v4,1239082262.1,27.7,9.0,36.8,13.3,720.0,19.8,1e-05,GWTC-2.1-confident,GW190412,2019-04-12,2019,BBH,O3a,20–40,500–1k,0.3249097472924188,False
GW190413_134308-v3,1239198206.7,56.0,29.0,84.0,34.0,4000.0,9.62,0.001,IAS-O3a,GW190413_134308,2019-04-13,2019,BBH,O3a,60–100,2k–5k,0.5178571428571429,False
GW190413_134308-v1,1239198206.7,47.5,31.8,78.8,33.0,4450.0,9.970916853163908,0.043657319879159,GWTC-2,GW190413_134308,2019-04-13,2019,BBH,O3a,60–100,2k–5k,0.6694736842105263,False
GW190413_052954-v2,1239168612.5,33.7,24.2,58.0,24.5,3320.0,9.0,0.82,GWTC-2.1-confident,GW190413_052954,2019-04-13,2019,BBH,O3a,40–60,2k–5k,0.7181008902077151,False
GW190413_052954-v3,1239168612.5,33.0,23.0,57.0,24.0,4000.0,8.78,0.24,IAS-O3a,GW190413_052954,2019-04-13,2019,BBH,O3a,40–60,2k–5k,0.696969696969697,False
GW190413_052954-v1,1239168612.5,34.7,23.7,58.6,24.6,3550.0,8.555396161858269,0.0716832666370279,GWTC-2,GW190413_052954,2019-04-13,2019,BBH,O3a,40–60,2k–5k,0.6829971181556195,False
GW190413_134308-v2,1239198206.7,51.3,30.4,81.3,33.3,3800.0,10.6,0.18,GWTC-2.1-confident,GW190413_134308,2019-04-13,2019,BBH,O3a,60–100,2k–5k,0.5925925925925926,False
GW190421_213856-v2,1239917954.2,42.0,32.0,73.6,31.4,2590.0,10.7,0.0028,GWTC-2.1-confident,GW190421_213856,2019-04-21,2019,BBH,O3a,60–100,2k–5k,0.7619047619047619,False
GW190421_213856-v3,1239917954.2,43.0,31.0,74.0,31.0,2800.0,10.5,0.001,IAS-O3a,GW190421_213856,2019-04-21,2019,BBH,O3a,60–100,2k–5k,0.7209302325581395,False
GW190421_213856-v1,1239917954.3,41.3,31.9,72.9,31.2,2880.0,10.55069569549375,0.0007738314255311,GWTC-2,GW190421_213856,2019-04-21,2019,BBH,O3a,60–100,2k–5k,0.7723970944309928,False
GW190424_180648-v1,1240164426.1,40.5,31.8,72.6,31.0,2200.0,10.0939769744873,0.7822864941910456,GWTC-2,GW190424_180648,2019-04-24,2019,BBH,O3a,60–100,2k–5k,0.7851851851851852,False
GW190424_180648-v2,1240164426.1,,,,,,10.0939769744873,9.03878554692412,GWTC-2.1-auxiliary,GW190424_180648,2019-04-24,2019,Unknown,O3a,,,,False
GW190425_081805-v3,1240215503.0,2.1,1.3,3.4,1.44,150.0,12.4,0.034,GWTC-2.1-confident,GW190425,2019-04-25,2019,BNS,O3a,0–10,0–500 Mpc,0.6190476190476191,False
GW190425-v2,1240215503.0,2.0,1.4,3.4,1.44,160.0,13.02922972476558,0.0007518546981126,GWTC-2,GW190425,2019-04-25,2019,BNS,O3a,0–10,0–500 Mpc,0.7,False
GW190425-v1,1240215503.0,1.74,1.56,3.3,1.44,159.0,12.46,,O3_Discovery_Papers,GW190425,2019-04-25,2019,BNS,O3a,0–10,0–500 Mpc,0.896551724137931,False
GW190426_190642-v1,1240340820.6,105.5,76.0,182.3,76.0,4580.0,8.7,4.1,GWTC-2.1-confident,GW190426_190642,2019-04-26,2019,BBH,O3a,100+,2k–5k,0.7203791469194313,False
GW190426_152155-v1,1240327333.3,5.7,1.5,7.2,2.41,370.0,10.12041364677255,1.443741335492165,GWTC-2,GW190426_152155,2019-04-26,2019,NSBH,O3a,0–10,0–500 Mpc,0.2631578947368421,False
GW190426_152155-v2,1240327333.3,,,,,,10.12,0.91,GWTC-2.1-marginal,GW190426_152155,2019-04-26,2019,Unknown,O3a,,,,False
GW190503_185404-v1,1240944862.3,43.3,28.4,71.7,30.2,1450.0,12.20867275049248,1e-05,GWTC-2,GW190503_185404,2019-05-03,2019,BBH,O3a,60–100,1k–2k,0.6558891454965358,False
GW190503_185404-v3,1240944862.3,42.0,31.0,73.0,31.0,1600.0,11.9,0.001,IAS-O3a,GW190503_185404,2019-05-03,2019,BBH,O3a,60–100,1k–2k,0.7380952380952381,False
GW190503_185404-v2,1240944862.2,41.3,28.3,69.4,29.3,1520.0,12.2,1e-05,GWTC-2.1-confident,GW190503_185404,2019-05-03,2019,BBH,O3a,60–100,1k–2k,0.6852300242130751,False
GW190512_180714-v1,1241719652.4,23.3,12.6,35.9,14.6,1430.0,12.26449406234808,1e-05,GWTC-2,GW190512_180714,2019-05-12,2019,BBH,O3a,20–40,1k–2k,0.5407725321888411,False
GW190512_180714-v2,1241719652.4,23.2,12.5,35.8,14.6,1460.0,12.7,1e-05,GWTC-2.1-confident,GW190512_180714,2019-05-12,2019,BBH,O3a,20–40,1k–2k,0.5387931034482759,False
GW190512_180714-v3,1241719652.4,24.0,12.0,36.0,14.4,1600.0,12.6,0.001,IAS-O3a,GW190512_180714,2019-05-12,2019,BBH,O3a,20–40,1k–2k,0.5,False
GW190513_205428-v3,1241816086.7,41.0,18.0,58.0,23.0,2400.0,12.0,0.001,IAS-O3a,GW190513_205428,2019-05-13,2019,BBH,O3a,40–60,2k–5k,0.43902439024390244,False
GW190513_205428-v2,1241816086.7,36.0,18.3,54.4,21.8,2210.0,12.5,1.3e-05,GWTC-2.1-confident,GW190513_205428,2019-05-13,2019,BBH,O3a,40–60,2k–5k,0.5083333333333333,False
GW190513_205428-v1,1241816086.8,35.7,18.0,53.9,21.6,2060.0,12.28987773592599,1e-05,GWTC-2,GW190513_205428,2019-05-13,2019,BBH,O3a,40–60,2k–5k,0.5042016806722689,False
GW190514_065416-v3,1241852074.8,39.0,28.0,68.0,29.0,4000.0,8.4,0.0034,IAS-O3a,GW190514_065416,2019-05-14,2019,BBH,O3a,60–100,2k–5k,0.717948717948718,False
GW190514_065416-v1,1241852074.8,39.0,28.4,67.2,28.5,4130.0,8.304493549646196,0.5266876793595081,GWTC-2,GW190514_065416,2019-05-14,2019,BBH,O3a,60–100,2k–5k,0.7282051282051282,False
GW190514_065416-v2,1241852074.8,40.9,28.4,69.3,29.1,3890.0,8.0,2.8,GWTC-2.1-confident,GW190514_065416,2019-05-14,2019,BBH,O3a,60–100,2k–5k,0.6943765281173594,False
GW190517_055101-v2,1242107479.8,39.2,24.0,64.1,26.5,1790.0,10.8,0.00035,GWTC-2.1-confident,GW190517_055101,2019-05-17,2019,BBH,O3a,60–100,1k–2k,0.6122448979591836,False
GW190517_055101-v1,1242107479.8,37.4,25.3,63.5,26.6,1860.0,10.687871630965631,5.720513515363399e-05,GWTC-2,GW190517_055101,2019-05-17,2019,BBH,O3a,60–100,1k–2k,0.6764705882352942,False
GW190517_055101-v3,1242107479.8,39.0,27.0,65.0,28.0,2200.0,10.4,0.001,IAS-O3a,GW190517_055101,2019-05-17,2019,BBH,O3a,60–100,2k–5k,0.6923076923076923,False
GW190519_153544-v1,1242315362.4,66.0,40.5,106.6,44.5,2530.0,13.952630576346529,1e-05,GWTC-2,GW190519_153544,2019-05-19,2019,BBH,O3a,100+,2k–5k,0.6136363636363636,False
GW190519_153544-v2,1242315362.3,65.1,40.8,105.6,44.3,2600.0,15.9,1e-05,GWTC-2.1-confident,GW190519_153544,2019-05-19,2019,BBH,O3a,100+,2k–5k,0.6267281105990784,False
GW190519_153544-v3,1242315362.4,62.0,41.0,103.0,43.0,3000.0,14.5,0.001,IAS-O3a,GW190519_153544,2019-05-19,2019,BBH,O3a,100+,2k–5k,0.6612903225806451,False
GW190521_074359-v1,1242459857.5,42.2,32.8,74.7,32.1,1240.0,24.67251912553722,1e-05,GWTC-2,GW190521_074359,2019-05-21,2019,BBH,O3a,60–100,1k–2k,0.7772511848341231,False
GW190521_074359-v2,1242459857.4,43.4,33.4,76.3,32.8,1080.0,25.9,1e-05,GWTC-2.1-confident,GW190521_074359,2019-05-21,2019,BBH,O3a,60–100,1k–2k,0.7695852534562212,False
GW190521_074359-v3,1242459857.4,43.0,35.0,78.0,33.0,1000.0,24.0,0.001,IAS-O3a,GW190521_074359,2019-05-21,2019,BBH,O3a,60–100,500–1k,0.813953488372093,False
GW190521-v3,1242442967.4,95.3,69.0,163.9,69.2,3920.0,14.376046048896756,0.0002039635028,GWTC-2,GW190521,2019-05-21,2019,BBH,O3a,100+,2k–5k,0.7240293809024134,False
GW190521-v2,1242442967.4,85.0,66.0,150.0,64.0,5300.0,14.6,,O3_Discovery_Papers,GW190521,2019-05-21,2019,BBH,O3a,100+,5k+ Mpc,0.7764705882352941,False
GW190521-v1,1242442967.4,,,,,,,,O3_Discovery_Papers,GW190521,2019-05-21,2019,Unknown,O3a,,,,False
GW190521_030229-v4,1242442967.4,98.4,57.2,153.1,63.3,3310.0,14.3,0.0013,GWTC-2.1-confident,GW190521,2019-05-21,2019,BBH,O3a,100+,2k–5k,0.5813008130081301,False
GW190527_092055-v2,1242984073.7,35.6,22.2,58.1,23.9,2520.0,8.0,0.23,GWTC-2.1-confident,GW190527_092055,2019-05-27,2019,BBH,O3a,40–60,2k–5k,0.6235955056179775,False
GW190527_092055-v3,1242984073.8,39.0,24.0,63.0,26.0,3100.0,8.62,0.093,IAS-O3a,GW190527_092055,2019-05-27,2019,BBH,O3a,60–100,2k–5k,0.6153846153846154,False
GW190527_092055-v1,1242984073.8,36.5,22.6,59.1,24.3,2490.0,8.867476217742222,0.0622703513141335,GWTC-2,GW190527_092055,2019-05-27,2019,BBH,O3a,40–60,2k–5k,0.6191780821917808,False
GW190531_023648-v1,1243305426.3,,,,,,9.951,0.41,GWTC-2.1-marginal,GW190531_023648,2019-05-31,2019,Unknown,O3a,,,,False
GW190602_175927-v3,1243533585.1,73.0,44.0,120.0,49.0,3000.0,12.4,0.001,IAS-O3a,GW190602_175927,2019-06-02,2019,BBH,O3a,100+,2k–5k,0.6027397260273972,False
GW190602_175927-v2,1243533585.0,71.8,44.8,115.6,48.0,2840.0,13.2,1e-05,GWTC-2.1-confident,GW190602_175927,2019-06-02,2019,BBH,O3a,100+,2k–5k,0.6239554317548747,False
GW190602_175927-v1,1243533585.1,69.1,47.8,116.3,49.1,2690.0,12.13087548611321,1.1478437256536948e-05,GWTC-2,GW190602_175927,2019-06-02,2019,BBH,O3a,100+,2k–5k,0.6917510853835022,False
GW190620_030421-v2,1245035079.3,58.0,35.0,92.7,38.1,2910.0,12.1,0.011,GWTC-2.1-confident,GW190620_030421,2019-06-20,2019,BBH,O3a,60–100,2k–5k,0.603448275862069,False
GW190620_030421-v1,1245035079.3,57.1,35.5,92.1,38.3,2810.0,10.91846314686192,0.0029209383726319,GWTC-2,GW190620_030421,2019-06-20,2019,BBH,O3a,60–100,2k–5k,0.6217162872154115,False
GW190630_185205-v2,1245955943.1,35.1,24.0,59.4,25.1,870.0,16.4,1e-05,GWTC-2.1-confident,GW190630_185205,2019-06-30,2019,BBH,O3a,40–60,500–1k,0.6837606837606838,False
GW190630_185205-v1,1245955943.2,35.1,23.7,59.1,24.9,890.0,15.64051208963232,1e-05,GWTC-2,GW190630_185205,2019-06-30,2019,BBH,O3a,40–60,500–1k,0.6752136752136751,False
GW190701_203306-v2,1246048404.5,54.1,40.5,94.3,40.2,2090.0,11.2,0.0057,GWTC-2.1-confident,GW190701_203306,2019-07-01,2019,BBH,O3a,60–100,2k–5k,0.7486136783733826,False
GW190701_203306-v1,1246048404.6,53.9,40.8,94.3,40.3,2060.0,11.58996006414267,0.0108613686053685,GWTC-2,GW190701_203306,2019-07-01,2019,BBH,O3a,60–100,2k–5k,0.7569573283858998,False
GW190704_104834-v1,1246272532.7,7.0,3.1,10.0,4.13,500.0,8.89,0.35,IAS-O3a,GW190704_104834,2019-07-04,2019,BBH,O3a,0–10,0–500 Mpc,0.4428571428571429,False
GW190706_222641-v1,1246487219.3,67.0,38.2,104.1,42.7,4420.0,12.653616083950071,1e-05,GWTC-2,GW190706_222641,2019-07-06,2019,BBH,O3a,100+,2k–5k,0.5701492537313433,False
GW190706_222641-v3,1246487219.3,67.0,38.0,104.0,42.0,5000.0,13.1,0.001,IAS-O3a,GW190706_222641,2019-07-06,2019,BBH,O3a,100+,2k–5k,0.5671641791044776,False
GW190706_222641-v2,1246487219.3,74.0,39.4,112.6,45.6,3630.0,13.4,5e-05,GWTC-2.1-confident,GW190706_222641,2019-07-06,2019,BBH,O3a,100+,2k–5k,0.5324324324324324,False
GW190707_093326-v2,1246527224.1,12.1,7.9,20.1,8.4,850.0,13.1,1e-05,GWTC-2.1-confident,GW190707_093326,2019-07-07,2019,BBH,O3a,20–40,500–1k,0.6528925619834711,False
GW190707_093326-v1,1246527224.2,11.6,8.4,20.1,8.5,770.0,12.97817936002082,1e-05,GWTC-2,GW190707_093326,2019-07-07,2019,BBH,O3a,20–40,500–1k,0.7241379310344828,False
GW190707_083226-v1,1246523564.9,52.0,32.0,85.0,35.0,4000.0,8.28,0.043,IAS-O3a,GW190707_083226,2019-07-07,2019,BBH,O3a,60–100,2k–5k,0.6153846153846154,False
GW190707_093326-v3,1246527224.1,11.5,8.3,20.0,8.5,800.0,12.7,0.001,IAS-O3a,GW190707_093326,2019-07-07,2019,BBH,O3a,10–20,500–1k,0.7217391304347827,False
GW190708_232457-v2,1246663515.3,19.8,11.6,31.4,13.1,930.0,13.4,0.00031,GWTC-2.1-confident,GW190708_232457,2019-07-08,2019,BBH,O3a,20–40,500–1k,0.5858585858585859,False
GW190708_232457-v1,1246663515.4,17.6,13.2,30.9,13.2,880.0,13.07130069939341,2.8252506364808675e-05,GWTC-2,GW190708_232457,2019-07-08,2019,BBH,O3a,20–40,500–1k,0.7499999999999999,False
GW190711_030756-v1,1246849694.6,90.0,20.0,120.0,33.0,2500.0,8.97,0.09,IAS-O3a,GW190711_030756,2019-07-11,2019,BBH,O3a,100+,2k–5k,0.2222222222222222,False
GW190718_160159-v1,1247500937.3,11.0,6.3,17.0,7.1,1500.0,8.43,2.1,IAS-O3a,GW190718_160159,2019-07-18,2019,BBH,O3a,10–20,1k–2k,0.5727272727272728,False
GW190719_215514-v1,1247608532.9,36.5,20.8,57.8,23.5,3940.0,7.993907515410997,1.559222128828275,GWTC-2,GW190719_215514,2019-07-19,2019,BBH,O3a,40–60,2k–5k,0.5698630136986301,False
GW190719_215514-v2,1247608532.9,36.6,19.9,57.2,22.8,3730.0,7.9,0.63,GWTC-2.1-confident,GW190719_215514,2019-07-19,2019,BBH,O3a,40–60,2k–5k,0.5437158469945355,False
GW190719_215514-v3,1247608532.9,60.0,25.0,90.0,31.0,6000.0,8.38,0.12,IAS-O3a,GW190719_215514,2019-07-19,2019,BBH,O3a,60–100,5k+ Mpc,0.4166666666666667,False
GW190720_000836-v1,1247616534.7,13.4,7.8,21.5,8.9,790.0,11.6960978153441,1e-05,GWTC-2,GW190720_000836,2019-07-20,2019,BBH,O3a,20–40,500–1k,0.582089552238806,False
GW190720_000836-v2,1247616534.7,14.2,7.5,21.8,9.0,770.0,10.9,1e-05,GWTC-2.1-confident,GW190720_000836,2019-07-20,2019,BBH,O3a,20–40,500–1k,0.5281690140845071,False
GW190720_000836-v3,1247616534.6,17.0,6.0,23.0,8.6,1100.0,10.3,0.001,IAS-O3a,GW190720_000836,2019-07-20,2019,BBH,O3a,20–40,1k–2k,0.35294117647058826,False
GW190725_174728-v1,1248112066.4,11.8,6.3,18.3,7.4,1030.0,9.1,0.46,GWTC-2.1-confident,GW190725_174728,2019-07-25,2019,BBH,O3a,10–20,1k–2k,0.5338983050847457,False
GW190725_174728-v2,1248112066.4,13.0,5.0,19.0,7.5,1100.0,9.51,0.029,IAS-O3a,GW190725_174728,2019-07-25,2019,BBH,O3a,10–20,1k–2k,0.38461538461538464,False
GW190727_060333-v2,1248242631.9,38.9,30.2,68.8,29.4,3070.0,11.7,1e-05,GWTC-2.1-confident,GW190727_060333,2019-07-27,2019,BBH,O3a,60–100,2k–5k,0.7763496143958869,False
GW190727_060333-v1,1248242632.0,38.0,29.4,67.1,28.6,3300.0,12.29941092425987,1e-05,GWTC-2,GW190727_060333,2019-07-27,2019,BBH,O3a,60–100,2k–5k,0.7736842105263158,False
GW190727_060333-v3,1248242632.0,38.0,29.0,67.0,28.0,3300.0,11.7,0.001,IAS-O3a,GW190727_060333,2019-07-27,2019,BBH,O3a,60–100,2k–5k,0.7631578947368421,False
GW190728_064510-v1,1248331528.5,12.3,8.1,20.6,8.6,870.0,13.64274847591606,1e-05,GWTC-2,GW190728_064510,2019-07-28,2019,BBH,O3a,20–40,500–1k,0.6585365853658536,False
GW190728_064510-v2,1248331528.5,12.5,8.0,20.7,8.6,880.0,13.1,1e-05,GWTC-2.1-confident,GW190728_064510,2019-07-28,2019,BBH,O3a,20–40,500–1k,0.64,False
GW190728_064510-v3,1248331528.5,16.0,7.0,23.0,8.7,900.0,13.0,0.001,IAS-O3a,GW190728_064510,2019-07-28,2019,BBH,O3a,20–40,500–1k,0.4375,False
GW190731_140936-v1,1248617394.6,41.5,28.8,70.1,29.5,3300.0,8.460146466288636,0.2058421231186779,GWTC-2,GW190731_140936,2019-07-31,2019,BBH,O3a,60–100,2k–5k,0.6939759036144578,False
GW190731_140936-v3,1248617394.6,41.0,29.0,70.0,29.0,4000.0,8.28,0.49,IAS-O3a,GW190731_140936,2019-07-31,2019,BBH,O3a,60–100,2k–5k,0.7073170731707317,False
GW190731_140936-v2,1248617394.6,41.8,29.0,70.7,29.7,3330.0,8.8,0.33,GWTC-2.1-confident,GW190731_140936,2019-07-31,2019,BBH,O3a,60–100,2k–5k,0.6937799043062202,False
GW190803_022701-v2,1248834439.8,37.7,27.6,65.0,27.6,3190.0,9.3,0.073,GWTC-2.1-confident,GW190803_022701,2019-08-03,2019,BBH,O3a,60–100,2k–5k,0.7320954907161804,False
GW190803_022701-v3,1248834439.9,38.0,27.0,66.0,28.0,4000.0,8.61,0.064,IAS-O3a,GW190803_022701,2019-08-03,2019,BBH,O3a,60–100,2k–5k,0.7105263157894737,False
GW190803_022701-v1,1248834439.9,37.3,27.3,64.5,27.3,3270.0,8.970600357413534,0.0269343172504355,GWTC-2,GW190803_022701,2019-08-03,2019,BBH,O3a,60–100,2k–5k,0.7319034852546917,False
GW190805_211137-v2,1249074715.3,45.0,32.0,78.0,32.0,7000.0,8.58,0.3,IAS-O3a,GW190805_211137,2019-08-05,2019,BBH,O3a,60–100,5k+ Mpc,0.7111111111111111,False
GW190805_211137-v1,1249074715.3,46.2,30.6,76.7,31.9,6130.0,8.1,0.63,GWTC-2.1-confident,GW190805_211137,2019-08-05,2019,BBH,O3a,60–100,5k+ Mpc,0.6623376623376623,False
GW190814-v1,1249852257.0,23.2,2.59,25.8,6.09,241.0,25.0,,O3_Discovery_Papers,GW190814,2019-08-14,2019,NSBH,O3a,20–40,0–500 Mpc,0.11163793103448276,False
GW190814-v2,1249852257.0,23.2,2.59,25.8,6.09,240.0,22.17523325999954,1e-05,GWTC-2,GW190814,2019-08-14,2019,NSBH,O3a,20–40,0–500 Mpc,0.11163793103448276,False
GW190814_192009-v1,1249845627.6,80.0,50.0,130.0,51.0,9000.0,7.96,1.5,IAS-O3a,GW190814_192009,2019-08-14,2019,BBH,O3a,100+,5k+ Mpc,0.625,False
GW190814_211039-v3,1249852257.0,23.3,2.6,25.9,6.11,230.0,25.3,1e-05,GWTC-2.1-confident,GW190814,2019-08-14,2019,NSBH,O3a,20–40,0–500 Mpc,0.11158798283261803,False
GW190818_232544-v1,1250205962.3,70.0,34.0,110.0,41.0,6000.0,8.07,0.29,IAS-O3a,GW190818_232544,2019-08-18,2019,BBH,O3a,100+,5k+ Mpc,0.4857142857142857,False
GW190821_124821-v1,1250426919.9,8.0,3.9,11.9,4.8,800.0,8.8,1.4,IAS-O3a,GW190821_124821,2019-08-21,2019,BBH,O3a,10–20,500–1k,0.4875,False
GW190828_063405-v2,1251009263.7,31.9,25.8,57.2,24.6,2070.0,16.5,1e-05,GWTC-2.1-confident,GW190828_063405,2019-08-28,2019,BBH,O3a,40–60,2k–5k,0.8087774294670848,False
GW190828_063405-v1,1251009263.8,32.1,26.2,58.0,25.0,2130.0,16.629603122143354,1e-05,GWTC-2,GW190828_063405,2019-08-28,2019,BBH,O3a,40–60,2k–5k,0.8161993769470405,False
GW190828_065509-v3,1251010527.8,24.0,10.0,35.0,13.4,1500.0,10.4,0.001,IAS-O3a,GW190828_065509,2019-08-28,2019,BBH,O3a,20–40,1k–2k,0.4166666666666667,False
GW190828_065509-v2,1251010527.8,23.7,10.4,34.3,13.4,1540.0,10.2,3.5e-05,GWTC-2.1-confident,GW190828_065509,2019-08-28,2019,BBH,O3a,20–40,1k–2k,0.4388185654008439,False
GW190828_065509-v1,1251010527.9,24.1,10.2,34.4,13.3,1600.0,11.12790886853085,1e-05,GWTC-2,GW190828_065509,2019-08-28,2019,BBH,O3a,20–40,1k–2k,0.4232365145228215,False
GW190828_063405-v3,1251009263.7,33.0,26.0,58.0,25.0,2300.0,16.0,0.001,IAS-O3a,GW190828_063405,2019-08-28,2019,BBH,O3a,40–60,2k–5k,0.7878787878787878,False
GW190906_054335-v1,1251783833.5,39.0,24.0,63.0,26.0,6000.0,7.86,1.4,IAS-O3a,GW190906_054335,2019-09-06,2019,BBH,O3a,60–100,5k+ Mpc,0.6153846153846154,False
GW190909_114149-v1,1252064527.7,45.8,28.3,75.0,30.9,3770.0,9.047895,1.1112276612026477,GWTC-2,GW190909_114149,2019-09-09,2019,BBH,O3a,60–100,2k–5k,0.6179039301310044,False
GW190909_114149-v3,1252064527.7,110.0,28.0,140.0,45.0,5000.0,7.98,2.2,IAS-O3a,GW190909_114149,2019-09-09,2019,BBH,O3a,100+,2k–5k,0.2545454545454545,False
GW190909_114149-v2,1252064527.7,,,,,,9.047895,26.1830194416,GWTC-2.1-auxiliary,GW190909_114149,2019-09-09,2019,Unknown,O3a,,,,False
GW190910_112807-v1,1252150105.3,43.9,35.6,79.6,34.3,1460.0,13.41737344451953,1.8852694587530696e-05,GWTC-2,GW190910_112807,2019-09-10,2019,BBH,O3a,60–100,1k–2k,0.8109339407744875,False
GW190910_012619-v1,1252113997.2,34.0,3.2,37.0,8.1,1000.0,8.24,1.5,IAS-O3a,GW190910_012619,2019-09-10,2019,BBH,O3a,20–40,500–1k,0.09411764705882353,False
GW190910_112807-v2,1252150105.3,43.8,34.2,78.0,33.5,1520.0,14.5,0.0029,GWTC-2.1-confident,GW190910_112807,2019-09-10,2019,BBH,O3a,60–100,1k–2k,0.7808219178082193,False
GW190915_235702-v3,1252627040.7,33.0,24.0,57.0,24.0,1800.0,12.8,0.001,IAS-O3a,GW190915_235702,2019-09-15,2019,BBH,O3a,40–60,1k–2k,0.7272727272727273,False
GW190915_235702-v2,1252627040.6,32.6,24.5,57.2,24.4,1750.0,13.1,1e-05,GWTC-2.1-confident,GW190915_235702,2019-09-15,2019,BBH,O3a,40–60,1k–2k,0.7515337423312883,False
GW190915_235702-v1,1252627040.7,35.3,24.4,59.9,25.3,1620.0,13.07209167194663,1e-05,GWTC-2,GW190915_235702,2019-09-15,2019,BBH,O3a,40–60,1k–2k,0.6912181303116147,False
GW190916_200658-v1,1252699636.9,43.8,23.3,68.0,26.9,4940.0,8.1,4.7,GWTC-2.1-confident,GW190916_200658,2019-09-16,2019,BBH,O3a,60–100,2k–5k,0.5319634703196348,False
GW190916_200658-v2,1252699636.9,46.0,27.0,73.0,30.0,7000.0,7.97,0.048,IAS-O3a,GW190916_200658,2019-09-16,2019,BBH,O3a,60–100,5k+ Mpc,0.5869565217391305,False
GW190917_114630-v1,1252756008.0,9.7,2.1,11.8,3.7,720.0,8.3,0.66,GWTC-2.1-confident,GW190917_114630,2019-09-17,2019,NSBH,O3a,10–20,500–1k,0.21649484536082478,False
GW190920_113516-v1,1253014534.7,7.0,2.8,9.0,3.7,700.0,8.62,1.7999999999999998,IAS-O3a,GW190920_113516,2019-09-20,2019,NSBH,O3a,0–10,500–1k,0.39999999999999997,False
190924_232654-v1,1253402833.0,,,,,,13.27,0.4,O3_IMBH_marginal,190924_232654,2019-09-24,2019,Unknown,O3a,,,,False
GW190924_021846-v2,1253326744.8,8.8,5.1,13.9,5.8,550.0,12.0,1e-05,GWTC-2.1-confident,GW190924_021846,2019-09-24,2019,BBH,O3a,10–20,500–1k,0.5795454545454545,False
GW190924_021846-v1,1253326744.8,8.9,5.0,13.9,5.8,570.0,13.15903752184739,1e-05,GWTC-2,GW190924_021846,2019-09-24,2019,BBH,O3a,10–20,500–1k,0.5617977528089887,False
GW190925_232845-v1,1253489343.1,20.8,15.5,36.7,15.6,930.0,9.7,0.0072,GWTC-2.1-confident,GW190925_232845,2019-09-25,2019,BBH,O3a,20–40,500–1k,0.7451923076923077,False
GW190926_050336-v2,1253509434.1,37.0,25.0,61.0,25.0,4000.0,8.76,0.04,IAS-O3a,GW190926_050336,2019-09-26,2019,BBH,O3a,60–100,2k–5k,0.6756756756756757,False
GW190926_050336-v1,1253509434.0,41.1,20.4,61.9,24.4,3280.0,8.1,1.1,GWTC-2.1-confident,GW190926_050336,2019-09-26,2019,BBH,O3a,60–100,2k–5k,0.4963503649635036,False
GW190929_012149-v2,1253755327.4,66.3,26.8,93.3,35.6,3130.0,9.7,0.16,GWTC-2.1-confident,GW190929_012149,2019-09-29,2019,BBH,O3a,60–100,2k–5k,0.4042232277526395,False
GW190929_012149-v1,1253755327.5,80.8,24.1,104.3,35.8,2130.0,9.875628916044713,0.0201614435854915,GWTC-2,GW190929_012149,2019-09-29,2019,BBH,O3a,100+,2k–5k,0.2982673267326733,False
GW190929_012149-v3,1253755327.5,70.0,25.0,100.0,36.0,3200.0,9.56,0.001,IAS-O3a,GW190929_012149,2019-09-29,2019,BBH,O3a,60–100,2k–5k,0.35714285714285715,False
GW190930_133541-v2,1253885759.2,14.2,6.9,21.2,8.5,770.0,9.7,0.012,GWTC-2.1-confident,GW190930_133541,2019-09-30,2019,BBH,O3a,20–40,500–1k,0.48591549295774655,False
GW190930_133541-v1,1253885759.2,12.3,7.8,20.3,8.5,760.0,10.01932734846673,0.0330921980265922,GWTC-2,GW190930_133541,2019-09-30,2019,BBH,O3a,20–40,500–1k,0.6341463414634145,False
GW190930_133541-v3,1253885759.2,18.0,5.0,24.0,8.5,800.0,9.83,0.001,IAS-O3a,GW190930_133541,2019-09-30,2019,BBH,O3a,20–40,500–1k,0.2777777777777778,False
GW191103_012549-v1,1256779567.5,11.8,7.9,20.0,8.34,990.0,8.9,0.46,GWTC-3-confident,GW191103_012549,2019-11-03,2019,BBH,O3b,10–20,500–1k,0.6694915254237288,False
GW191105_143521-v1,1256999739.9,10.7,7.7,18.5,7.82,1150.0,9.7,0.012,GWTC-3-confident,GW191105_143521,2019-11-05,2019,BBH,O3b,10–20,1k–2k,0.7196261682242991,False
GW191109_010717-v1,1257296855.2,65.0,47.0,112.0,47.5,1290.0,17.3,0.00018,GWTC-3-confident,GW191109_010717,2019-11-09,2019,BBH,O3b,100+,1k–2k,0.7230769230769231,False
GW191113_071753-v1,1257664691.8,29.0,5.9,34.5,10.7,1370.0,7.9,26.0,GWTC-3-confident,GW191113_071753,2019-11-13,2019,BBH,O3b,20–40,1k–2k,0.20344827586206898,False
191118_212859-v1,1258147757.4,,,,,,9.121,1.3,GWTC-3-marginal,GW191118_212859,2019-11-18,2019,Unknown,O3b,,,,False
GW191126_115259-v1,1258804397.6,12.1,8.3,20.7,8.65,1620.0,8.3,3.2,GWTC-3-confident,GW191126_115259,2019-11-26,2019,BBH,O3b,20–40,1k–2k,0.6859504132231405,False
GW191127_050227-v1,1258866165.5,53.0,24.0,80.0,29.9,3400.0,9.2,0.25,GWTC-3-confident,GW191127_050227,2019-11-27,2019,BBH,O3b,60–100,2k–5k,0.4528301886792453,False
GW191129_134029-v1,1259070047.1,10.7,6.7,17.5,7.31,790.0,13.1,1e-05,GWTC-3-confident,GW191129_134029,2019-11-29,2019,BBH,O3b,10–20,500–1k,0.6261682242990655,False
GW191204_110529-v1,1259492747.5,27.3,19.2,47.1,19.8,1900.0,8.9,3.3,GWTC-3-confident,GW191204_110529,2019-12-04,2019,BBH,O3b,40–60,1k–2k,0.7032967032967032,False
GW191204_171526-v1,1259514944.0,11.7,8.4,20.19,8.56,640.0,17.4,1e-05,GWTC-3-confident,GW191204_171526,2019-12-04,2019,BBH,O3b,20–40,500–1k,0.7179487179487181,False
GW191215_223052-v1,1260484270.3,24.9,18.1,43.3,18.4,1930.0,11.2,1e-05,GWTC-3-confident,GW191215_223052,2019-12-15,2019,BBH,O3b,40–60,1k–2k,0.7269076305220884,False
GW191216_213338-v1,1260567236.4,12.1,7.7,19.8,8.33,340.0,18.6,1e-05,GWTC-3-confident,GW191216_213338,2019-12-16,2019,BBH,O3b,10–20,0–500 Mpc,0.6363636363636364,False
GW191219_163120-v1,1260808298.4,31.1,1.17,32.3,4.31,550.0,9.1,4.0,GWTC-3-confident,GW191219_163120,2019-12-19,2019,NSBH,O3b,20–40,500–1k,0.037620578778135044,False
GW191222_033537-v1,1261020955.1,45.1,34.7,79.0,33.8,3000.0,12.5,1e-05,GWTC-3-confident,GW191222_033537,2019-12-22,2019,BBH,O3b,60–100,2k–5k,0.7694013303769401,False
191223_014159-v1,1261100537.6,,,,,,14.19,0.46,O3_IMBH_marginal,191223_014159,2019-12-23,2019,Unknown,O3b,,,,False
191225_215715-v1,1261346253.9,,,,,,20.5,0.47,O3_IMBH_marginal,191225_215715,2019-12-25,2019,Unknown,O3b,,,,False
GW191230_180458-v1,1261764316.4,49.4,37.0,86.0,36.5,4300.0,10.4,0.05,GWTC-3-confident,GW191230_180458,2019-12-30,2019,BBH,O3b,60–100,2k–5k,0.7489878542510122,False
GW200105_162426-v2,1262276684.0,9.1,1.91,11.0,3.42,270.0,13.7,0.2,GWTC-3-marginal,GW200105_162426,2020-01-05,2020,NSBH,O3b,10–20,0–500 Mpc,0.2098901098901099,False
GW200105-v1,1262276684.0,8.9,1.9,10.9,3.41,280.0,13.9,0.36,O3_Discovery_Papers,GW200105_162426,2020-01-05,2020,NSBH,O3b,10–20,0–500 Mpc,0.21348314606741572,False
GW200112_155838-v1,1262879936.0,35.6,28.3,63.9,27.4,1250.0,19.8,1e-05,GWTC-3-confident,GW200112_155838,2020-01-12,2020,BBH,O3b,60–100,1k–2k,0.7949438202247191,False
200114_020818-v1,1263002916.2,,,,,,14.5,0.058,O3_IMBH_marginal,200114_020818,2020-01-14,2020,Unknown,O3b,,,,False
GW200115-v1,1263097407.7,5.7,1.5,7.1,2.42,300.0,11.6,1e-05,O3_Discovery_Papers,GW200115_042309,2020-01-15,2020,NSBH,O3b,0–10,0–500 Mpc,0.2631578947368421,False
GW200115_042309-v2,1263097407.7,5.9,1.44,7.4,2.43,290.0,11.3,1e-05,GWTC-3-confident,GW200115_042309,2020-01-15,2020,NSBH,O3b,0–10,0–500 Mpc,0.24406779661016947,False
200121_031748-v1,1263611886.9,,,,,,10.69,1.1,GWTC-3-marginal,200121_031748,2020-01-21,2020,Unknown,O3b,,,,False
GW200128_022011-v1,1264213229.9,42.2,32.6,75.0,32.0,3400.0,10.6,0.0043,GWTC-3-confident,GW200128_022011,2020-01-28,2020,BBH,O3b,60–100,2k–5k,0.7725118483412322,False
GW200129_065458-v1,1264316116.4,34.5,29.0,63.3,27.2,890.0,26.8,1e-05,GWTC-3-confident,GW200129_065458,2020-01-29,2020,BBH,O3b,60–100,500–1k,0.8405797101449275,False
200201_203549-v1,1264624567.0,,,,,,9.046,1.4,GWTC-3-marginal,GW200201_203549,2020-02-01,2020,Unknown,O3b,,,,False
GW200202_154313-v1,1264693411.5,10.1,7.3,17.58,7.49,410.0,10.8,1e-05,GWTC-3-confident,GW200202_154313,2020-02-02,2020,BBH,O3b,10–20,0–500 Mpc,0.7227722772277227,False
GW200208_222617-v1,1265235995.9,51.0,12.3,63.0,19.8,4100.0,7.4,4.8,GWTC-3-confident,GW200208_222617,2020-02-08,2020,BBH,O3b,60–100,2k–5k,0.2411764705882353,False
GW200208_130117-v1,1265202095.9,37.7,27.4,65.3,27.7,2230.0,10.8,0.00031,GWTC-3-confident,GW200208_130117,2020-02-08,2020,BBH,O3b,60–100,2k–5k,0.7267904509283819,False
GW200209_085452-v1,1265273710.1,35.6,27.1,62.6,26.7,3400.0,9.6,0.046,GWTC-3-confident,GW200209_085452,2020-02-09,2020,BBH,O3b,60–100,2k–5k,0.7612359550561798,False
GW200210_092254-v1,1265361792.9,24.1,2.83,27.0,6.56,940.0,8.4,1.2,GWTC-3-confident,GW200210_092254,2020-02-10,2020,NSBH,O3b,20–40,500–1k,0.11742738589211618,False
200214_224526-v1,1265755544.5,,,,,,13.1,0.1314,O3_IMBH_marginal,200214_224526,2020-02-14,2020,Unknown,O3b,,,,False
200214_224526-v2,1265755544.5,,,,,,13.133,0.131444,GWTC-3-marginal,200214_224526,2020-02-14,2020,Unknown,O3b,,,,False
GW200216_220804-v1,1265926102.8,51.0,30.0,81.0,32.9,3800.0,8.1,0.35,GWTC-3-confident,GW200216_220804,2020-02-16,2020,BBH,O3b,60–100,2k–5k,0.5882352941176471,False
GW200219_094415-v1,1266140673.1,37.5,27.9,65.0,27.6,3400.0,10.7,0.00099,GWTC-3-confident,GW200219_094415,2020-02-19,2020,BBH,O3b,60–100,2k–5k,0.744,False
200219_201407-v1,1266178465.9,,,,,,13.59,0.22,GWTC-3-marginal,200219_201407,2020-02-19,2020,Unknown,O3b,,,,False
GW200220_124850-v1,1266238148.1,38.9,27.9,67.0,28.2,4000.0,8.5,30.0,GWTC-3-confident,GW200220_124850,2020-02-20,2020,BBH,O3b,60–100,2k–5k,0.7172236503856041,False
GW200220_061928-v1,1266214786.7,87.0,61.0,148.0,62.0,6000.0,7.2,6.8,GWTC-3-confident,GW200220_061928,2020-02-20,2020,BBH,O3b,100+,5k+ Mpc,0.7011494252873564,False
GW200224_222234-v1,1266618172.4,40.0,32.7,72.3,31.1,1710.0,20.0,1e-05,GWTC-3-confident,GW200224_222234,2020-02-24,2020,BBH,O3b,60–100,1k–2k,0.8175000000000001,False
GW200225_060421-v1,1266645879.3,19.3,14.0,33.5,14.2,1150.0,12.5,1.1e-05,GWTC-3-confident,GW200225_060421,2020-02-25,2020,BBH,O3b,20–40,1k–2k,0.7253886010362695,False
GW200302_015811-v1,1267149509.5,37.8,20.0,57.8,23.4,1480.0,10.8,0.11,GWTC-3-confident,GW200302_015811,2020-03-02,2020,BBH,O3b,40–60,1k–2k,0.5291005291005292,False
GW200306_093714-v1,1267522652.1,28.3,14.8,43.9,17.5,2100.0,7.8,24.0,GWTC-3-confident,GW200306_093714,2020-03-06,2020,BBH,O3b,40–60,2k–5k,0.5229681978798587,False
GW200308_173609-v1,1267724187.7,60.0,24.0,92.0,34.0,7100.0,4.7,2.4,GWTC-3-confident,GW200308_173609,2020-03-08,2020,BBH,O3b,60–100,5k+ Mpc,0.4,False
GW200311_115853-v1,1267963151.3,34.2,27.7,61.9,26.6,1170.0,17.8,1e-05,GWTC-3-confident,GW200311_115853,2020-03-11,2020,BBH,O3b,60–100,1k–2k,0.8099415204678362,False
200311_103121-v1,1267957899.7,,,,,,9.2,1.3,GWTC-3-marginal,GW200311_103121,2020-03-11,2020,Unknown,O3b,,,,False
GW200316_215756-v1,1268431094.1,13.1,7.8,21.2,8.75,1120.0,10.3,1e-05,GWTC-3-confident,GW200316_215756,2020-03-16,2020,BBH,O3b,20–40,1k–2k,0.5954198473282443,False
GW200322_091133-v1,1268903511.3,38.0,11.3,50.0,15.0,3500.0,4.5,140.0,GWTC-3-confident,GW200322_091133,2020-03-22,2020,BBH,O3b,40–60,2k–5k,0.2973684210526316,False
GW230518_125908-v1,1368449966.2,8.17,1.45,9.61,2.8,236.0,14.1,1e-05,GWTC-4.0,GW230518_125908,2023-05-18,2023,NSBH,Between runs,0–10,0–500 Mpc,0.17747858017135862,False
GW230529_181500-v2,1369419318.7,3.66,1.42,5.08,1.94,203.0,11.8,0.00022,GWTC-4.0,GW230529_181500,2023-05-29,2023,NSBH,O4,0–10,0–500 Mpc,0.3879781420765027,False
GW230529_181500-v1,1369419318.7,3.6,1.4,5.1,1.94,201.0,11.6,0.001,O4_Discovery_Papers,GW230529_181500,2023-05-29,2023,NSBH,O4,0–10,0–500 Mpc,0.38888888888888884,False
GW230531_141100-v1,1369577478.3,,,,,,8.0,3.5,GWTC-4.0,GW230531_141100,2023-05-31,2023,Unknown,O4,,,,False
GW230601_224134-v1,1369694512.1,64.0,44.0,107.0,45.1,3700.0,13.4,1e-05,GWTC-4.0,GW230601_224134,2023-06-01,2023,BBH,O4,100+,2k–5k,0.6875,False
GW230603_174756-v1,1369849694.9,,,,,,8.0,8.4,GWTC-4.0,GW230603_174756,2023-06-03,2023,Unknown,O4,,,,False
GW230605_065343-v1,1369983241.5,17.4,11.0,28.6,11.95,1060.0,11.4,1e-05,GWTC-4.0,GW230605_065343,2023-06-05,2023,BBH,O4,20–40,1k–2k,0.632183908045977,False
GW230606_024545-v1,1370054763.5,,,,,,7.5,3.2,GWTC-4.0,GW230606_024545,2023-06-06,2023,Unknown,O4,,,,False
GW230606_004305-v1,1370047403.8,37.6,25.7,63.4,26.5,2800.0,11.1,0.00041,GWTC-4.0,GW230606_004305,2023-06-06,2023,BBH,O4,60–100,2k–5k,0.6835106382978723,False
GW230608_205047-v1,1370292665.2,48.0,31.0,79.0,32.7,3500.0,10.2,0.0012,GWTC-4.0,GW230608_205047,2023-06-08,2023,BBH,O4,60–100,2k–5k,0.6458333333333334,False
GW230609_010824-v1,1370308122.4,,,,,,8.0,2.8,GWTC-4.0,GW230609_010824,2023-06-09,2023,Unknown,O4,,,,False
GW230609_064958-v1,1370328616.3,35.4,25.2,60.5,25.6,3400.0,10.6,0.00014,GWTC-4.0,GW230609_064958,2023-06-09,2023,BBH,O4,60–100,2k–5k,0.711864406779661,False
GW230615_160825-v1,1370880524.0,,,,,,8.9,4.3,GWTC-4.0,GW230615_160825,2023-06-15,2023,Unknown,O4,,,,False
GW230618_102550-v1,1371119168.0,,,,,,7.8,49.00000000000001,GWTC-4.0,GW230618_102550,2023-06-18,2023,Unknown,O4,,,,False
GW230624_113103-v1,1371641481.7,27.1,16.1,43.7,18.0,1930.0,11.4,0.0001799999999999,GWTC-4.0,GW230624_113103,2023-06-24,2023,BBH,O4,40–60,1k–2k,0.5940959409594097,False
GW230624_214944-v1,1371678602.5,,,,,,10.6,2.2,GWTC-4.0,GW230624_214944,2023-06-24,2023,Unknown,O4,,,,False
GW230625_211655-v1,1371763033.0,,,,,,8.1,42.0,GWTC-4.0,GW230625_211655,2023-06-25,2023,Unknown,O4,,,,False
GW230627_015337-v1,1371866035.8,8.4,5.74,14.22,6.02,305.0,28.7,1e-05,GWTC-4.0,GW230627_015337,2023-06-27,2023,BBH,O4,10–20,0–500 Mpc,0.6833333333333333,False
GW230628_231200-v1,1372029138.4,32.5,27.0,59.2,25.5,2260.0,16.4,1e-05,GWTC-4.0,GW230628_231200,2023-06-28,2023,BBH,O4,40–60,2k–5k,0.8307692307692308,False
GW230630_234532-v1,1372203950.4,10.0,6.6,16.8,7.06,1090.0,9.9,0.00042,GWTC-4.0,GW230630_234532,2023-06-30,2023,BBH,O4,10–20,1k–2k,0.6599999999999999,False
GW230630_125806-v1,1372165104.9,51.0,33.0,84.0,35.0,5400.0,9.0,0.16,GWTC-4.0,GW230630_125806,2023-06-30,2023,BBH,O4,60–100,5k+ Mpc,0.6470588235294118,False
GW230630_070659-v1,1372144037.0,,,,,,9.8,0.47,GWTC-4.0,GW230630_070659,2023-06-30,2023,Unknown,O4,,,,False
GW230702_185453-v1,1372359311.7,40.0,18.0,60.0,22.9,2500.0,10.1,1e-05,GWTC-4.0,GW230702_185453,2023-07-02,2023,BBH,O4,40–60,2k–5k,0.45,False
GW230702_162025-v1,1372350043.9,,,,,,9.2,6.5,GWTC-4.0,GW230702_162025,2023-07-02,2023,Unknown,O4,,,,False
GW230704_021211-v1,1372471949.2,32.6,20.0,53.0,21.9,2700.0,9.4,0.21,GWTC-4.0,GW230704_021211,2023-07-04,2023,BBH,O4,40–60,2k–5k,0.6134969325153374,False
GW230704_212616-v1,1372541194.7,89.0,50.0,139.0,56.0,7300.0,8.7,0.51,GWTC-4.0,GW230704_212616,2023-07-04,2023,BBH,O4,100+,5k+ Mpc,0.5617977528089888,False
GW230706_104333-v1,1372675431.2,16.3,11.5,28.0,11.8,1910.0,9.2,0.23,GWTC-4.0,GW230706_104333,2023-07-06,2023,BBH,O4,20–40,1k–2k,0.705521472392638,False
GW230707_124047-v1,1372768865.3,46.1,36.3,82.0,35.1,4400.0,11.9,0.0011,GWTC-4.0,GW230707_124047,2023-07-07,2023,BBH,O4,60–100,2k–5k,0.7874186550976138,False
GW230708_053705-v1,1372829843.1,29.1,22.7,51.9,22.2,3300.0,8.9,0.2199999999999999,GWTC-4.0,GW230708_053705,2023-07-08,2023,BBH,O4,40–60,2k–5k,0.7800687285223367,False
GW230708_071859-v1,1372835957.4,,,,,,9.1,1.5,GWTC-4.0,GW230708_071859,2023-07-08,2023,Unknown,O4,,,,False
GW230708_230935-v1,1372892993.5,64.0,40.0,103.0,42.6,3500.0,10.0,0.0037,GWTC-4.0,GW230708_230935,2023-07-08,2023,BBH,O4,100+,2k–5k,0.625,False
GW230709_122727-v1,1372940865.2,45.0,30.0,74.0,30.9,4700.0,10.2,0.011,GWTC-4.0,GW230709_122727,2023-07-09,2023,BBH,O4,60–100,2k–5k,0.6666666666666666,False
GW230709_063445-v1,1372919703.1,,,,,,7.9,15.0,GWTC-4.0,GW230709_063445,2023-07-09,2023,Unknown,O4,,,,False
GW230712_090405-v1,1373187863.9,32.0,12.5,46.0,16.2,2000.0,9.5,0.018,GWTC-4.0,GW230712_090405,2023-07-12,2023,BBH,O4,40–60,1k–2k,0.390625,False
GW230717_102139-v1,1373624517.1,,,,,,8.3,29.0,GWTC-4.0,GW230717_102139,2023-07-17,2023,Unknown,O4,,,,False
GW230721_222634-v1,1374013612.8,,,,,,7.9,4.1,GWTC-4.0,GW230721_222634,2023-07-21,2023,Unknown,O4,,,,False
GW230723_084820-v1,1374137318.4,,,,,,8.4,3.9,GWTC-4.0,GW230723_084820,2023-07-23,2023,Unknown,O4,,,,False
GW230723_101834-v1,1374142732.4,16.6,10.6,27.5,11.4,1610.0,10.1,0.0034,GWTC-4.0,GW230723_101834,2023-07-23,2023,BBH,O4,20–40,1k–2k,0.6385542168674698,False
GW230726_002940-v1,1374366598.1,35.6,27.9,63.6,27.2,2100.0,10.5,1e-05,GWTC-4.0,GW230726_002940,2023-07-26,2023,BBH,O4,60–100,2k–5k,0.7837078651685393,False
GW230728_083628-v1,1374568606.9,,,,,,13.1,1.5,GWTC-4.0,GW230728_083628,2023-07-28,2023,Unknown,O4,,,,False
GW230729_082317-v1,1374654215.2,12.3,7.6,20.3,8.34,1640.0,9.5,0.18,GWTC-4.0,GW230729_082317,2023-07-29,2023,BBH,O4,20–40,1k–2k,0.6178861788617885,False
GW230731_215307-v1,1374875605.9,10.3,7.9,18.3,7.78,1100.0,12.2,1e-05,GWTC-4.0,GW230731_215307,2023-07-31,2023,BBH,O4,10–20,1k–2k,0.7669902912621359,False
GW230803_033412-v1,1375068870.4,44.0,29.0,73.0,30.5,5000.0,9.4,0.31,GWTC-4.0,GW230803_033412,2023-08-03,2023,BBH,O4,60–100,2k–5k,0.6590909090909091,False
GW230805_034249-v1,1375242188.0,32.2,22.6,54.9,23.1,3500.0,9.5,0.0037,GWTC-4.0,GW230805_034249,2023-08-05,2023,BBH,O4,40–60,2k–5k,0.7018633540372671,False
GW230806_204041-v1,1375389659.9,51.0,35.0,86.0,35.9,5500.0,9.4,0.0037,GWTC-4.0,GW230806_204041,2023-08-06,2023,BBH,O4,60–100,5k+ Mpc,0.6862745098039216,False
GW230807_205045-v1,1375476663.4,,,,,,8.7,2.9,GWTC-4.0,GW230807_205045,2023-08-07,2023,Unknown,O4,,,,False
GW230811_032116-v1,1375759294.3,35.4,22.3,57.9,24.1,2100.0,13.6,1e-05,GWTC-4.0,GW230811_032116,2023-08-11,2023,BBH,O4,40–60,2k–5k,0.6299435028248588,False
GW230814_230901-v1,1376089759.8,33.7,28.2,61.9,26.78,290.0,43.0,1e-05,GWTC-4.0,GW230814_230901,2023-08-14,2023,BBH,O4,60–100,0–500 Mpc,0.8367952522255192,False
GW230814_061920-v1,1376029178.5,69.0,42.0,111.0,46.0,4000.0,11.2,0.00063,GWTC-4.0,GW230814_061920,2023-08-14,2023,BBH,O4,100+,2k–5k,0.6086956521739131,False
GW230814_230901-v2,1376089759.8,33.7,28.2,61.9,26.8,289.0,42.13,1e-05,O4_Discovery_Papers,GW230814_230901,2023-08-14,2023,BBH,O4,60–100,0–500 Mpc,0.8367952522255192,False
GW230817_212349-v1,1376342647.1,,,,,,7.8,6.2,GWTC-4.0,GW230817_212349,2023-08-17,2023,Unknown,O4,,,,False
GW230819_171910-v1,1376500768.4,70.0,35.0,106.0,42.0,4100.0,9.9,0.011,GWTC-4.0,GW230819_171910,2023-08-19,2023,BBH,O4,100+,2k–5k,0.5,False
GW230820_212515-v1,1376601934.0,62.0,34.0,96.0,38.5,4000.0,9.3,0.24,GWTC-4.0,GW230820_212515,2023-08-20,2023,BBH,O4,60–100,2k–5k,0.5483870967741935,False
GW230822_230337-v1,1376780635.5,,,,,,8.3,1.5,GWTC-4.0,GW230822_230337,2023-08-22,2023,Unknown,O4,,,,False
GW230823_142524-v1,1376835942.6,,,,,,8.8,1.6,GWTC-4.0,GW230823_142524,2023-08-23,2023,Unknown,O4,,,,False
GW230824_033047-v1,1376883065.7,53.0,36.0,88.0,36.9,4700.0,11.1,1e-05,GWTC-4.0,GW230824_033047,2023-08-24,2023,BBH,O4,60–100,2k–5k,0.6792452830188679,False
GW230824_135331-v1,1376920429.9,,,,,,9.7,6.2,GWTC-4.0,GW230824_135331,2023-08-24,2023,Unknown,O4,,,,False
GW230825_041334-v1,1376972032.5,44.0,27.2,71.0,29.5,4900.0,8.8,0.1,GWTC-4.0,GW230825_041334,2023-08-25,2023,BBH,O4,60–100,2k–5k,0.6181818181818182,False
GW230830_064744-v1,1377413282.2,,,,,,8.5,3.5,GWTC-4.0,GW230830_064744,2023-08-30,2023,Unknown,O4,,,,False
GW230831_134621-v1,1377524799.7,,,,,,8.8,12.0,GWTC-4.0,GW230831_134621,2023-08-31,2023,Unknown,O4,,,,False
GW230831_015414-v1,1377482072.1,42.0,30.0,73.0,30.7,4900.0,8.6,0.29,GWTC-4.0,GW230831_015414,2023-08-31,2023,BBH,O4,60–100,2k–5k,0.7142857142857143,False
GW230902_122814-v1,1377692912.9,,,,,,8.1,2.0,GWTC-4.0,GW230902_122814,2023-09-02,2023,Unknown,O4,,,,False
GW230902_172430-v1,1377710688.8,,,,,,8.5,39.0,GWTC-4.0,GW230902_172430,2023-09-02,2023,Unknown,O4,,,,False
GW230902_224555-v1,1377729973.7,,,,,,7.5,51.0,GWTC-4.0,GW230902_224555,2023-09-02,2023,Unknown,O4,,,,False
GW230904_051013-v1,1377839431.1,10.6,7.1,17.9,7.53,1030.0,10.5,3.9e-05,GWTC-4.0,GW230904_051013,2023-09-04,2023,BBH,O4,10–20,1k–2k,0.6698113207547169,False
GW230904_152545-v1,1377876363.2,,,,,,9.2,18.0,GWTC-4.0,GW230904_152545,2023-09-04,2023,Unknown,O4,,,,False
GW230911_195324-v1,1378497222.2,33.9,21.6,55.5,23.2,1350.0,11.1,0.001,GWTC-4.0,GW230911_195324,2023-09-11,2023,BBH,O4,40–60,1k–2k,0.6371681415929205,False
GW230914_111401-v1,1378725259.7,60.0,37.0,96.0,39.8,2700.0,17.2,1e-05,GWTC-4.0,GW230914_111401,2023-09-14,2023,BBH,O4,60–100,2k–5k,0.6166666666666667,False
GW230919_215712-v1,1379195850.0,27.3,21.4,49.1,21.0,1330.0,16.8,1e-05,GWTC-4.0,GW230919_215712,2023-09-19,2023,BBH,O4,40–60,1k–2k,0.7838827838827838,False
GW230920_064709-v1,1379227647.3,,,,,,9.5,4.8,GWTC-4.0,GW230920_064709,2023-09-20,2023,Unknown,O4,,,,False
GW230920_071124-v1,1379229102.7,32.4,23.8,56.4,23.9,2900.0,11.1,1e-05,GWTC-4.0,GW230920_071124,2023-09-20,2023,BBH,O4,40–60,2k–5k,0.7345679012345679,False
GW230922_020344-v1,1379383442.9,39.3,29.2,68.7,29.2,1640.0,13.4,1e-05,GWTC-4.0,GW230922_020344,2023-09-22,2023,BBH,O4,60–100,1k–2k,0.7430025445292622,False
GW230922_040658-v1,1379390836.1,76.0,51.0,125.0,52.0,6500.0,12.5,1e-05,GWTC-4.0,GW230922_040658,2023-09-22,2023,BBH,O4,100+,5k+ Mpc,0.6710526315789473,False
GW230924_124453-v1,1379594711.8,28.8,23.2,51.8,22.3,2400.0,13.5,1e-05,GWTC-4.0,GW230924_124453,2023-09-24,2023,BBH,O4,40–60,2k–5k,0.8055555555555555,False
GW230925_143957-v1,1379688015.5,,,,,,8.0,8.2,GWTC-4.0,GW230925_143957,2023-09-25,2023,Unknown,O4,,,,False
GW230927_043729-v1,1379824667.1,35.0,27.1,61.9,26.5,3200.0,12.1,1e-05,GWTC-4.0,GW230927_043729,2023-09-27,2023,BBH,O4,60–100,2k–5k,0.7742857142857144,False
GW230927_153832-v1,1379864330.9,21.7,16.6,38.3,16.37,1190.0,20.3,1e-05,GWTC-4.0,GW230927_153832,2023-09-27,2023,BBH,O4,20–40,1k–2k,0.7649769585253458,False
GW230928_215827-v1,1379973525.1,54.0,29.0,83.0,33.6,4900.0,10.5,1.5e-05,GWTC-4.0,GW230928_215827,2023-09-28,2023,BBH,O4,60–100,2k–5k,0.5370370370370371,False
GW230930_110730-v1,1380107268.4,34.5,24.4,59.0,24.8,4900.0,9.0,0.17,GWTC-4.0,GW230930_110730,2023-09-30,2023,BBH,O4,40–60,2k–5k,0.7072463768115942,False
GW231001_140220-v1,1380204158.7,76.0,41.0,116.0,46.6,4400.0,11.5,1.6e-05,GWTC-4.0,GW231001_140220,2023-10-01,2023,BBH,O4,100+,2k–5k,0.5394736842105263,False
GW231002_143916-v1,1380292774.7,,,,,,9.4,1.0,GWTC-4.0,GW231002_143916,2023-10-02,2023,Unknown,O4,,,,False
GW231004_232346-v1,1380497044.3,64.0,35.0,99.0,40.0,4400.0,8.9,0.16,GWTC-4.0,GW231004_232346,2023-10-04,2023,BBH,O4,60–100,2k–5k,0.546875,False
GW231005_091549-v1,1380532567.5,28.8,21.2,50.2,21.3,3800.0,11.0,0.04,GWTC-4.0,GW231005_091549,2023-10-05,2023,BBH,O4,40–60,2k–5k,0.736111111111111,False
GW231005_144455-v1,1380552313.4,,,,,,7.3,60.0,GWTC-4.0,GW231005_144455,2023-10-05,2023,Unknown,O4,,,,False
GW231005_021030-v1,1380507049.0,84.0,50.0,133.0,54.0,6300.0,10.4,0.01,GWTC-4.0,GW231005_021030,2023-10-05,2023,BBH,O4,100+,5k+ Mpc,0.5952380952380952,False
GW231008_142521-v1,1380810339.8,45.0,25.6,71.0,29.0,3000.0,9.3,0.0016,GWTC-4.0,GW231008_142521,2023-10-08,2023,BBH,O4,60–100,2k–5k,0.5688888888888889,False
GW231013_135504-v1,1381240522.4,,,,,,8.4,64.0,GWTC-4.0,GW231013_135504,2023-10-13,2023,Unknown,O4,,,,False
GW231014_040532-v1,1381291551.0,20.6,14.7,35.6,15.0,2300.0,9.0,0.21,GWTC-4.0,GW231014_040532,2023-10-14,2023,BBH,O4,20–40,2k–5k,0.7135922330097086,False
GW231018_233037-v1,1381707055.0,11.6,7.3,19.0,7.9,1540.0,9.1,0.68,GWTC-4.0,GW231018_233037,2023-10-18,2023,BBH,O4,10–20,1k–2k,0.6293103448275862,False
GW231020_142947-v1,1381847405.6,12.0,7.4,19.8,8.07,1230.0,12.0,1e-05,GWTC-4.0,GW231020_142947,2023-10-20,2023,BBH,O4,10–20,1k–2k,0.6166666666666667,False
GW231026_130704-v1,1382360842.2,,,,,,8.3,1.7,GWTC-4.0,GW231026_130704,2023-10-26,2023,Unknown,O4,,,,False
GW231028_153006-v1,1382542224.3,94.0,59.0,153.0,63.0,4200.0,22.4,1e-05,GWTC-4.0,GW231028_153006,2023-10-28,2023,BBH,O4,100+,2k–5k,0.6276595744680851,False
GW231029_111508-v1,1382613326.8,65.0,42.0,106.0,44.4,3100.0,10.8,5.2e-05,GWTC-4.0,GW231029_111508,2023-10-29,2023,BBH,O4,100+,2k–5k,0.6461538461538462,False
GW231102_071736-v1,1382944674.4,61.0,42.0,102.0,43.3,3800.0,15.6,1e-05,GWTC-4.0,GW231102_071736,2023-11-02,2023,BBH,O4,100+,2k–5k,0.6885245901639344,False
GW231102_052214-v1,1382937752.4,,,,,,7.9,4.0,GWTC-4.0,GW231102_052214,2023-11-02,2023,Unknown,O4,,,,False
GW231102_232433-v1,1383002691.5,,,,,,7.6,2.5,GWTC-4.0,GW231102_232433,2023-11-02,2023,Unknown,O4,,,,False
GW231104_133418-v1,1383140076.9,12.2,8.6,21.0,8.84,1470.0,11.8,1e-05,GWTC-4.0,GW231104_133418,2023-11-04,2023,BBH,O4,20–40,1k–2k,0.7049180327868853,False
GW231108_125142-v1,1383483120.5,23.2,17.4,40.6,17.3,2050.0,12.6,1e-05,GWTC-4.0,GW231108_125142,2023-11-08,2023,BBH,O4,40–60,2k–5k,0.75,False
GW231110_040320-v1,1383624218.2,19.4,12.6,32.2,13.4,1890.0,11.5,1e-05,GWTC-4.0,GW231110_040320,2023-11-10,2023,BBH,O4,20–40,1k–2k,0.6494845360824743,False
GW231113_200417-v1,1383941075.9,11.6,7.4,19.2,8.0,1160.0,10.5,3.8e-05,GWTC-4.0,GW231113_200417,2023-11-13,2023,BBH,O4,10–20,1k–2k,0.6379310344827587,False
GW231113_150041-v1,1383922859.4,,,,,,8.7,1.7999999999999998,GWTC-4.0,GW231113_150041,2023-11-13,2023,Unknown,O4,,,,False
GW231113_122623-v1,1383913601.9,39.8,26.4,67.0,27.9,3400.0,8.6,0.28,GWTC-4.0,GW231113_122623,2023-11-13,2023,BBH,O4,60–100,2k–5k,0.6633165829145728,False
GW231114_043211-v1,1383971549.2,22.8,8.2,31.1,11.6,1390.0,10.0,0.00013,GWTC-4.0,GW231114_043211,2023-11-14,2023,BBH,O4,20–40,1k–2k,0.3596491228070175,False
GW231118_090602-v1,1384333580.0,12.9,7.4,20.6,8.36,1360.0,11.0,1e-05,GWTC-4.0,GW231118_090602,2023-11-18,2023,BBH,O4,20–40,1k–2k,0.5736434108527132,False
GW231118_005626-v1,1384304204.8,20.0,10.8,31.0,12.6,2190.0,10.7,1e-05,GWTC-4.0,GW231118_005626,2023-11-18,2023,BBH,O4,20–40,2k–5k,0.54,False
GW231118_071402-v1,1384326860.2,43.0,29.0,72.0,30.3,4300.0,9.2,0.0028,GWTC-4.0,GW231118_071402,2023-11-18,2023,BBH,O4,60–100,2k–5k,0.6744186046511628,False
GW231119_075248-v1,1384415586.1,49.0,33.0,82.0,34.5,6700.0,8.3,0.019,GWTC-4.0,GW231119_075248,2023-11-19,2023,BBH,O4,60–100,5k+ Mpc,0.673469387755102,False
GW231120_022103-v1,1384482081.0,,,,,,10.0,3.8,GWTC-4.0,GW231120_022103,2023-11-20,2023,Unknown,O4,,,,False
GW231123_135430-v2,1384782888.7,137.0,101.0,236.0,101.0,2200.0,21.8,1e-05,GWTC-4.0,GW231123_135430,2023-11-23,2023,BBH,O4,100+,2k–5k,0.7372262773722628,False
GW231123_135430-v1,1384782888.6,137.0,101.0,236.0,,2200.0,20.7,0.0001,O4_Discovery_Papers,GW231123_135430,2023-11-23,2023,BBH,O4,100+,2k–5k,0.7372262773722628,False
GW231126_010928-v1,1384996186.3,,,,,,9.1,4.2,GWTC-4.0,GW231126_010928,2023-11-26,2023,Unknown,O4,,,,False
GW231127_165300-v1,1385139198.9,45.0,28.0,74.0,30.4,4500.0,9.9,0.01,GWTC-4.0,GW231127_165300,2023-11-27,2023,BBH,O4,60–100,2k–5k,0.6222222222222222,False
GW231129_081745-v1,1385281083.6,45.0,23.8,69.0,27.8,3800.0,9.4,0.056,GWTC-4.0,GW231129_081745,2023-11-29,2023,BBH,O4,60–100,2k–5k,0.5288888888888889,False
GW231204_090648-v1,1385716026.9,,,,,,8.4,3.6,GWTC-4.0,GW231204_090648,2023-12-04,2023,Unknown,O4,,,,False
GW231206_233901-v1,1385941159.5,37.6,28.5,66.0,28.2,1490.0,21.9,1e-05,GWTC-4.0,GW231206_233901,2023-12-06,2023,BBH,O4,60–100,1k–2k,0.7579787234042553,False
GW231206_233134-v1,1385940712.5,35.6,28.2,63.5,27.2,3200.0,12.8,1e-05,GWTC-4.0,GW231206_233134,2023-12-06,2023,BBH,O4,60–100,2k–5k,0.7921348314606741,False
GW231206_010629-v1,1385860007.2,,,,,,9.7,6.9,GWTC-4.0,GW231206_010629,2023-12-06,2023,Unknown,O4,,,,False
GW231213_111417-v1,1386501275.9,35.6,27.2,62.6,26.7,4000.0,10.4,1e-05,GWTC-4.0,GW231213_111417,2023-12-13,2023,BBH,O4,60–100,2k–5k,0.7640449438202247,False
GW231220_173406-v1,1387128864.2,,,,,,7.9,6.2,GWTC-4.0,GW231220_173406,2023-12-20,2023,Unknown,O4,,,,False
GW231221_135041-v1,1387201859.3,47.0,29.0,76.0,31.0,4600.0,10.0,0.54,GWTC-4.0,GW231221_135041,2023-12-21,2023,BBH,O4,60–100,2k–5k,0.6170212765957447,False
GW231223_032836-v1,1387337334.1,46.0,31.0,76.0,31.9,4200.0,10.2,0.00038,GWTC-4.0,GW231223_032836,2023-12-23,2023,BBH,O4,60–100,2k–5k,0.6739130434782609,False
GW231223_075055-v1,1387353073.3,11.9,6.8,19.0,7.8,970.0,9.4,0.55,GWTC-4.0,GW231223_075055,2023-12-23,2023,BBH,O4,10–20,500–1k,0.5714285714285714,False
GW231223_202619-v1,1387398397.0,11.1,8.3,19.6,8.35,890.0,10.0,0.002,GWTC-4.0,GW231223_202619,2023-12-23,2023,BBH,O4,10–20,500–1k,0.7477477477477479,False
GW231224_024321-v1,1387421020.0,9.3,7.31,16.66,7.13,950.0,14.0,1e-05,GWTC-4.0,GW231224_024321,2023-12-24,2023,BBH,O4,10–20,500–1k,0.786021505376344,False
GW231226_101520-v1,1387620938.3,40.2,35.1,75.0,32.5,1180.0,34.7,1e-05,GWTC-4.0,GW231226_101520,2023-12-26,2023,BBH,O4,60–100,1k–2k,0.8731343283582089,False
GW231230_170116-v1,1387990895.0,53.0,35.0,89.0,37.0,5700.0,8.2,0.42,GWTC-4.0,GW231230_170116,2023-12-30,2023,BBH,O4,60–100,5k+ Mpc,0.660377358490566,False
GW231231_154016-v1,1388072434.7,22.5,17.2,39.9,17.1,1070.0,13.4,1e-05,GWTC-4.0,GW231231_154016,2023-12-31,2023,BBH,O4,20–40,1k–2k,0.7644444444444444,False
GW231231_120147-v1,1388059325.6,,,,,,11.3,4.5,GWTC-4.0,GW231231_120147,2023-12-31,2023,Unknown,O4,,,,False
GW240104_164932-v1,1388422190.6,42.3,32.2,74.3,31.8,1910.0,14.8,1e-05,GWTC-4.0,GW240104_164932,2024-01-04,2024,BBH,O4,60–100,1k–2k,0.7612293144208039,False
GW240105_151143-v1,1388502721.2,,,,,,25.9,3.3,GWTC-4.0,GW240105_151143,2024-01-05,2024,Unknown,O4,,,,False
GW240107_013215-v1,1388626353.7,59.0,33.0,92.0,36.7,5800.0,9.6,0.028,GWTC-4.0,GW240107_013215,2024-01-07,2024,BBH,O4,60–100,5k+ Mpc,0.559322033898305,False
GW240109_050431-v1,1388811889.8,28.7,18.1,47.1,19.7,1500.0,10.4,0.0002299999999999,GWTC-4.0,GW240109_050431,2024-01-09,2024,BBH,O4,40–60,1k–2k,0.6306620209059234,False
GW240925_005809-v1,1411261108.0,9.0,7.0,16.1,6.85,356.0,31.96,1e-05,O4_Discovery_Papers,GW240925_005809,2024-09-25,2024,BBH,O4,10–20,0–500 Mpc,0.7777777777777778,False
GW241011_233834-v1,1412725132.9,19.6,5.9,,9.1,214.0,,1e-05,O4_Discovery_Papers,GW241011_233834,2024-10-11,2024,BBH,O4,,0–500 Mpc,0.3010204081632653,False
GW241110_124123-v1,1415277701.7,17.2,7.7,,9.8,736.0,,0.00063,O4_Discovery_Papers,GW241110_124123,2024-11-10,2024,BBH,O4,,500–1k,0.4476744186046512,False
GW250114_082203-v1,1420878141.2,33.6,32.2,65.8,28.6,403.0,,,O4_Discovery_Papers,GW250114_082203,2025-01-14,2025,BBH,O4,60–100,0–500 Mpc,0.9583333333333334,False
GW250207_115645-v1,1422964623.3,35.2,30.6,65.9,28.57,187.0,68.91,1e-05,O4_Discovery_Papers,GW250207_115645,2025-02-07,2025,BBH,O4,60–100,0–500 Mpc,0.8693181818181818,False
